{
    "step": 728,
    "train": {
        "accuracy": 0.9225125908851624,
        "loss": 2.729811906814575
    }
}