{
    "step": 706,
    "train": {
        "accuracy": 0.9203404188156128,
        "loss": 2.8138155937194824
    }
}