{
    "step": 92,
    "train": {
        "accuracy": 0.6712251305580139,
        "loss": 7.581029891967773
    }
}