{
    "step": 809,
    "accuracy_train": 0.9243940711021423,
    "loss_train": 2.5178744792938232
}