{
    "step": 809,
    "train": {
        "accuracy": 0.9304035902023315,
        "loss": 2.4866180419921875
    }
}