{
    "step": 108,
    "train": {
        "accuracy": 0.7001996636390686,
        "loss": 7.397074222564697
    }
}