{
    "step": 107,
    "train": {
        "accuracy": 0.7107677459716797,
        "loss": 7.430253982543945
    }
}