{
    "step": 744,
    "train": {
        "accuracy": 0.9240341782569885,
        "loss": 2.671739101409912
    }
}