{
    "step": 1619,
    "train": {
        "accuracy": 0.9968400597572327,
        "loss": 0.009651334956288338
    }
}