{
    "step": 577,
    "accuracy_train": 0.9091416597366333,
    "loss_train": 3.3587794303894043
}