{
    "step": 924,
    "train": {
        "accuracy": 0.9428309202194214,
        "loss": 2.102527141571045
    }
}