{
    "step": 1619,
    "train": {
        "accuracy": 0.9965173602104187,
        "loss": 0.010228697210550308
    }
}