{
    "step": 55,
    "train": {
        "accuracy": 0.4827621281147003,
        "loss": 8.109625816345215
    }
}