{
    "step": 1619,
    "train": {
        "accuracy": 0.9970042109489441,
        "loss": 0.009070426225662231
    }
}