{
    "step": 15,
    "train": {
        "accuracy": 0.0036568143405020237,
        "loss": 8.778807640075684
    }
}