{
    "accuracy_train": 0.9106745719909668,
    "loss_train": 3.5400848388671875,
    "step": 559
}