{
    "accuracy_train": 0.928913414478302,
    "loss_train": 2.4793989658355713,
    "step": 809
}