{
    "accuracy_train": 0.5649847984313965,
    "loss_train": 7.888468265533447,
    "step": 101
}