{
    "accuracy_train": 0.7463981509208679,
    "loss_train": 6.946746826171875,
    "step": 202
}